model,case,size,bks,pred,gap_pct,miss,over,rout,mcap,time,prec,total,feasible
SFT,ft06,6x6,55,61,10.91,0,0,0,0,0,0,0,Yes
SFT,ft10,10x10,930,1602,72.26,0,36,0,0,0,0,36,No
SFT,ft20,20x5,1165,798,-31.50,50,0,0,0,0,0,50,No
SFT,la01,10x5,666,666,0.00,0,0,0,0,0,0,0,Yes
SFT,la02,10x5,655,721,10.08,0,0,0,0,0,0,0,Yes
SFT,la03,10x5,597,687,15.08,0,0,0,0,0,0,0,Yes
SFT,la04,10x5,590,701,18.81,0,0,0,0,0,0,0,Yes
SFT,la05,10x5,593,605,2.02,0,0,0,0,0,0,0,Yes
SFT,la06,15x5,926,824,-11.02,25,1,0,0,0,0,26,No
SFT,la07,15x5,890,664,-25.39,25,0,0,0,0,0,25,No
SFT,la08,15x5,863,614,-28.85,25,0,0,0,0,0,25,No
SFT,la09,15x5,951,703,-26.08,25,0,0,0,0,1,26,No
SFT,la10,15x5,958,746,-22.13,25,0,0,0,0,0,25,No
SFT,la16,10x10,945,5879,522.12,0,199,3,13,7,0,222,No
SFT,la17,10x10,784,1113,41.96,0,0,0,0,0,0,0,Yes
SFT,la18,10x10,848,4504,431.13,0,200,0,16,7,0,223,No
SFT,la19,10x10,842,1216,44.42,2,10,2,1,0,0,15,No
SFT,la20,10x10,902,992,9.98,0,0,0,0,0,0,0,Yes
V1,ft06,6x6,55,60,9.09,0,0,0,0,0,0,0,Yes
V1,ft10,10x10,930,3428,268.60,0,204,0,0,2,0,206,No
V1,ft20,20x5,1165,1200,3.00,19,2,0,0,0,0,21,No
V1,la01,10x5,666,700,5.11,0,0,0,0,0,0,0,Yes
V1,la02,10x5,655,736,12.37,0,0,0,0,0,0,0,Yes
V1,la03,10x5,597,655,9.72,0,0,0,0,0,0,0,Yes
V1,la04,10x5,590,616,4.41,0,0,0,0,0,0,0,Yes
V1,la05,10x5,593,593,0.00,0,0,0,0,0,0,0,Yes
V1,la06,15x5,926,5707,516.31,0,218,0,0,10,0,228,No
V1,la07,15x5,890,838,-5.84,3,0,0,0,0,0,3,No
V1,la08,15x5,863,863,0.00,0,0,0,0,0,0,0,Yes
V1,la09,15x5,951,1034,8.73,0,2,0,0,0,0,2,No
V1,la10,15x5,958,1034,7.93,0,1,0,0,0,0,1,No
V1,la16,10x10,945,1066,12.80,0,0,0,0,0,0,0,Yes
V1,la17,10x10,784,848,8.16,0,0,0,0,0,0,0,Yes
V1,la18,10x10,848,959,13.09,0,0,0,0,0,0,0,Yes
V1,la19,10x10,842,931,10.57,0,0,0,0,0,0,0,Yes
V1,la20,10x10,902,1009,11.86,1,0,1,0,0,0,2,No
V2,ft06,6x6,55,61,10.91,0,0,0,0,0,0,0,Yes
V2,ft10,10x10,930,4157,346.99,0,199,4,0,7,0,210,No
V2,ft20,20x5,1165,873,-25.06,50,7,1,0,0,0,58,No
V2,la01,10x5,666,676,1.50,0,1,0,0,0,0,1,No
V2,la02,10x5,655,703,7.33,0,0,0,0,0,0,0,Yes
V2,la03,10x5,597,676,13.23,0,0,0,0,0,0,0,Yes
V2,la04,10x5,590,679,15.08,0,0,0,0,0,0,0,Yes
V2,la05,10x5,593,624,5.23,0,2,0,0,0,1,3,No
V2,la06,15x5,926,747,-19.33,25,3,0,0,0,0,28,No
V2,la07,15x5,890,622,-30.11,25,0,0,0,0,0,25,No
V2,la08,15x5,863,664,-23.06,25,0,0,0,0,0,25,No
V2,la09,15x5,951,652,-31.44,26,0,0,0,0,0,26,No
V2,la10,15x5,958,707,-26.20,27,0,0,0,0,0,27,No
V2,la16,10x10,945,4333,358.52,0,199,5,24,7,1,236,No
V2,la17,10x10,784,4463,469.26,0,208,1,0,2,0,211,No
V2,la18,10x10,848,3548,318.40,0,201,1,1,6,0,209,No
V2,la19,10x10,842,5132,509.50,0,197,1,20,10,1,229,No
V2,la20,10x10,902,3838,325.50,0,206,1,3,2,0,212,No
V3,ft06,6x6,55,59,7.27,0,0,0,0,0,0,0,Yes
V3,ft10,10x10,930,1274,36.99,0,11,0,2,0,0,13,No
V3,ft20,20x5,1165,1205,3.43,22,6,4,1,1,0,34,No
V3,la01,10x5,666,666,0.00,0,0,0,0,0,0,0,Yes
V3,la02,10x5,655,779,18.93,0,0,0,0,0,0,0,Yes
V3,la03,10x5,597,632,5.86,0,0,0,0,0,0,0,Yes
V3,la04,10x5,590,667,13.05,0,0,0,0,0,0,0,Yes
V3,la05,10x5,593,593,0.00,0,0,0,0,0,0,0,Yes
V3,la06,15x5,926,956,3.24,1,0,0,0,0,0,1,No
V3,la07,15x5,890,975,9.55,0,1,0,0,0,0,1,No
V3,la08,15x5,863,811,-6.03,5,0,0,0,0,0,5,No
V3,la09,15x5,951,1105,16.19,0,1,0,0,0,0,1,No
V3,la10,15x5,958,994,3.76,0,0,0,0,0,0,0,Yes
V3,la16,10x10,945,4464,372.38,0,197,1,2,9,0,209,No
V3,la17,10x10,784,836,6.63,0,0,0,0,0,0,0,Yes
V3,la18,10x10,848,948,11.79,1,0,3,0,0,0,4,No
V3,la19,10x10,842,1000,18.76,0,0,0,0,0,0,0,Yes
V3,la20,10x10,902,1017,12.75,0,2,0,0,0,0,2,No
V4,ft06,6x6,55,59,7.27,0,0,0,0,0,0,0,Yes
V4,ft10,10x10,930,1122,20.65,0,0,0,0,0,0,0,Yes
V4,ft20,20x5,1165,1228,5.41,22,7,2,0,0,0,31,No
V4,la01,10x5,666,666,0.00,0,0,0,0,0,0,0,Yes
V4,la02,10x5,655,766,16.95,0,0,0,0,0,0,0,Yes
V4,la03,10x5,597,645,8.04,0,0,0,0,0,0,0,Yes
V4,la04,10x5,590,616,4.41,0,0,0,0,0,0,0,Yes
V4,la05,10x5,593,593,0.00,0,0,0,0,0,0,0,Yes
V4,la06,15x5,926,946,2.16,5,0,0,0,0,0,5,No
V4,la07,15x5,890,1077,21.01,0,0,0,0,0,0,0,Yes
V4,la08,15x5,863,871,0.93,0,0,0,0,0,0,0,Yes
V4,la09,15x5,951,886,-6.83,6,0,0,0,0,0,6,No
V4,la10,15x5,958,902,-5.85,7,0,0,0,0,0,7,No
V4,la16,10x10,945,1102,16.61,0,0,0,0,0,0,0,Yes
V4,la17,10x10,784,870,10.97,0,0,0,0,0,0,0,Yes
V4,la18,10x10,848,1009,18.99,0,0,0,0,0,0,0,Yes
V4,la19,10x10,842,1015,20.55,0,0,0,0,0,0,0,Yes
V4,la20,10x10,902,1019,12.97,0,1,0,0,0,0,1,No
V5,ft06,6x6,55,59,7.27,0,0,0,0,0,0,0,Yes
V5,ft10,10x10,930,1637,76.02,0,31,0,0,0,0,31,No
V5,ft20,20x5,1165,814,-30.13,52,3,3,0,0,0,58,No
V5,la01,10x5,666,666,0.00,0,0,0,0,0,0,0,Yes
V5,la02,10x5,655,730,11.45,0,0,0,0,0,0,0,Yes
V5,la03,10x5,597,650,8.88,0,0,0,0,0,0,0,Yes
V5,la04,10x5,590,637,7.97,0,0,0,0,0,0,0,Yes
V5,la05,10x5,593,593,0.00,0,0,0,0,0,0,0,Yes
V5,la06,15x5,926,755,-18.47,25,1,0,0,0,0,26,No
V5,la07,15x5,890,642,-27.87,25,0,0,0,0,0,25,No
V5,la08,15x5,863,624,-27.69,25,0,0,0,0,0,25,No
V5,la09,15x5,951,668,-29.76,25,0,0,0,0,0,25,No
V5,la10,15x5,958,761,-20.56,25,0,0,0,0,0,25,No
V5,la16,10x10,945,1153,22.01,0,4,0,0,0,0,4,No
V5,la17,10x10,784,818,4.34,0,0,0,0,0,0,0,Yes
V5,la18,10x10,848,982,15.80,0,0,0,0,0,0,0,Yes
V5,la19,10x10,842,1130,34.20,0,5,0,0,0,0,5,No
V5,la20,10x10,902,1095,21.40,0,5,0,0,0,0,5,No
V6,ft06,6x6,55,61,10.91,0,0,0,0,0,0,0,Yes
V6,ft10,10x10,930,4286,360.86,0,195,0,31,10,0,236,No
V6,ft20,20x5,1165,873,-25.06,52,1,3,0,0,0,56,No
V6,la01,10x5,666,697,4.65,0,0,0,0,0,0,0,Yes
V6,la02,10x5,655,698,6.56,0,0,0,0,0,0,0,Yes
V6,la03,10x5,597,653,9.38,0,0,0,0,0,0,0,Yes
V6,la04,10x5,590,637,7.97,0,0,0,0,0,0,0,Yes
V6,la05,10x5,593,593,0.00,0,0,0,0,0,0,0,Yes
V6,la06,15x5,926,737,-20.41,25,1,0,0,0,0,26,No
V6,la07,15x5,890,615,-30.90,25,0,0,0,0,0,25,No
V6,la08,15x5,863,666,-22.83,25,0,0,0,0,0,25,No
V6,la09,15x5,951,736,-22.61,25,0,0,0,0,0,25,No
V6,la10,15x5,958,761,-20.56,25,0,0,0,0,0,25,No
V6,la16,10x10,945,1092,15.56,0,0,0,0,0,0,0,Yes
V6,la17,10x10,784,933,19.01,0,2,0,0,0,0,2,No
V6,la18,10x10,848,957,12.85,0,0,0,0,0,0,0,Yes
V6,la19,10x10,842,1011,20.07,0,3,0,0,0,0,3,No
V6,la20,10x10,902,1058,17.29,0,1,0,0,0,0,1,No
llama_rslora,ft06,6x6,55,61,10.9091,0,0,0,0,0,0,0,True
llama_rslora,ft10,10x10,930,1150,23.6559,0,1,0,1,0,0,2,False
llama_rslora,ft20,20x5,1165,789,-32.2747,50,0,1,0,0,0,51,False
llama_rslora,la01,10x5,666,666,0.0000,0,0,0,0,0,0,0,True
llama_rslora,la02,10x5,655,732,11.7557,0,0,0,0,0,0,0,True
llama_rslora,la03,10x5,597,650,8.8777,0,0,0,0,0,0,0,True
llama_rslora,la04,10x5,590,687,16.4407,0,0,0,0,0,0,0,True
llama_rslora,la05,10x5,593,593,0.0000,0,0,0,0,0,0,0,True
llama_rslora,la06,15x5,926,773,-16.5227,25,4,0,0,0,0,29,False
llama_rslora,la07,15x5,890,616,-30.7865,25,0,0,0,0,0,25,False
llama_rslora,la08,15x5,863,614,-28.8528,25,0,0,0,0,0,25,False
llama_rslora,la09,15x5,951,703,-26.0778,25,0,0,0,0,1,26,False
llama_rslora,la10,15x5,958,746,-22.1294,25,0,0,0,0,0,25,False
llama_rslora,la16,10x10,945,4185,342.8571,0,415,4,195,11,2,627,False
llama_rslora,la17,10x10,784,947,20.7908,0,4,0,0,0,1,5,False
llama_rslora,la18,10x10,848,1055,24.4104,0,0,0,0,0,0,0,True
llama_rslora,la19,10x10,842,955,13.4204,0,0,0,0,0,0,0,True
llama_rslora,la20,10x10,902,4485,397.2284,0,414,0,178,20,0,612,False
ministral_lora,ft06,6x6,55,59,7.2727,0,0,0,0,0,0,0,True
ministral_lora,ft10,10x10,930,1475,58.6022,1,8,4,0,0,0,13,False
ministral_lora,ft20,20x5,1165,1258,7.9828,24,4,1,2,0,0,31,False
ministral_lora,la01,10x5,666,690,3.6036,0,0,0,0,0,0,0,True
ministral_lora,la02,10x5,655,690,5.3435,0,0,0,0,0,0,0,True
ministral_lora,la03,10x5,597,695,16.4154,0,0,0,0,0,0,0,True
ministral_lora,la04,10x5,590,625,5.9322,0,0,0,0,0,0,0,True
ministral_lora,la05,10x5,593,593,0.0000,0,0,0,0,0,0,0,True
ministral_lora,la06,15x5,926,803,-13.2829,13,0,0,0,0,0,13,False
ministral_lora,la07,15x5,890,741,-16.7416,14,0,0,0,0,0,14,False
ministral_lora,la08,15x5,863,770,-10.7764,11,0,0,0,0,0,11,False
ministral_lora,la09,15x5,951,936,-1.5773,10,0,0,0,0,0,10,False
ministral_lora,la10,15x5,958,969,1.1482,5,1,1,0,0,0,7,False
ministral_lora,la16,10x10,945,6498,587.6190,0,168,10,36,11,6,231,False
ministral_lora,la17,10x10,784,1234,57.3980,0,9,7,0,0,0,16,False
ministral_lora,la18,10x10,848,6717,692.0991,0,283,9,112,15,5,424,False
ministral_lora,la19,10x10,842,5773,585.6295,0,221,8,32,12,3,276,False
ministral_lora,la20,10x10,902,3130,247.0067,0,75,5,0,0,0,80,False
ministral_rslora,ft06,6x6,55,66,20.0000,0,0,0,0,0,0,0,True
ministral_rslora,ft10,10x10,930,3887,317.9570,0,277,17,144,71,2,511,False
ministral_rslora,ft20,20x5,1165,843,-27.6395,50,2,3,0,0,0,55,False
ministral_rslora,la01,10x5,666,763,14.5646,0,0,0,0,0,0,0,True
ministral_rslora,la02,10x5,655,899,37.2519,0,0,0,0,0,0,0,True
ministral_rslora,la03,10x5,597,770,28.9782,0,0,0,0,0,0,0,True
ministral_rslora,la04,10x5,590,723,22.5424,0,0,0,0,0,0,0,True
ministral_rslora,la05,10x5,593,593,0.0000,0,0,0,0,0,0,0,True
ministral_rslora,la06,15x5,926,888,-4.1037,26,2,4,0,0,0,32,False
ministral_rslora,la07,15x5,890,797,-10.4494,25,4,1,0,0,0,30,False
ministral_rslora,la08,15x5,863,626,-27.4623,30,0,2,0,0,0,32,False
ministral_rslora,la09,15x5,951,761,-19.9790,26,1,9,0,0,1,37,False
ministral_rslora,la10,15x5,958,868,-9.3946,26,5,6,0,0,0,37,False
ministral_rslora,la16,10x10,945,5334,464.4444,0,277,23,139,53,4,496,False
ministral_rslora,la17,10x10,784,7320,833.6735,0,283,51,119,74,19,546,False
ministral_rslora,la18,10x10,848,4612,443.8679,0,277,20,137,49,6,489,False
ministral_rslora,la19,10x10,842,5105,506.2945,0,278,37,126,48,5,494,False
ministral_rslora,la20,10x10,902,4425,390.5765,0,278,30,104,50,2,464,False
granite_lora,ft06,6x6,55,58,5.4545,0,0,0,0,0,0,0,True
granite_lora,ft10,10x10,930,1777,91.0753,0,47,21,11,0,6,85,False
granite_lora,ft20,20x5,1165,9937,752.9614,4,245,12,0,0,0,261,False
granite_lora,la01,10x5,666,759,13.9640,0,0,0,0,0,0,0,True
granite_lora,la02,10x5,655,691,5.4962,0,0,0,0,0,0,0,True
granite_lora,la03,10x5,597,652,9.2127,0,0,0,0,0,0,0,True
granite_lora,la04,10x5,590,605,2.5424,0,0,0,0,0,0,0,True
granite_lora,la05,10x5,593,593,0.0000,0,0,0,0,0,0,0,True
granite_lora,la06,15x5,926,1167,26.0259,8,3,3,0,0,0,14,False
granite_lora,la07,15x5,890,1192,33.9326,2,5,2,0,0,0,9,False
granite_lora,la08,15x5,863,1079,25.0290,3,6,1,0,0,0,10,False
granite_lora,la09,15x5,951,1123,18.0862,2,6,0,0,0,0,8,False
granite_lora,la10,15x5,958,1966,105.2192,2,25,5,0,0,0,32,False
granite_lora,la16,10x10,945,6765,615.8730,0,250,37,116,11,23,437,False
granite_lora,la17,10x10,784,5466,597.1939,0,199,10,2,1,0,212,False
granite_lora,la18,10x10,848,8154,861.5566,0,244,9,31,7,1,292,False
granite_lora,la19,10x10,842,3269,288.2423,1,106,13,2,0,0,122,False
granite_lora,la20,10x10,902,2628,191.3525,0,71,8,1,0,0,80,False
granite_rslora,ft06,6x6,55,82,49.0909,3,1,0,0,0,1,5,False
granite_rslora,ft10,10x10,930,13992,1404.5161,1,47,39,8,46,2,143,False
granite_rslora,ft20,20x5,1165,6693,474.5064,1,30,18,1,16,0,66,False
granite_rslora,la01,10x5,666,1194,79.2793,0,4,0,1,0,1,6,False
granite_rslora,la02,10x5,655,1173,79.0840,0,5,0,2,0,0,7,False
granite_rslora,la03,10x5,597,1334,123.4506,0,20,1,1,2,0,24,False
granite_rslora,la04,10x5,590,1489,152.3729,0,11,0,2,4,0,17,False
granite_rslora,la05,10x5,593,778,31.1973,4,0,0,0,0,1,5,False
granite_rslora,la06,15x5,926,1374,48.3801,8,3,5,4,3,0,23,False
granite_rslora,la07,15x5,890,2480,178.6517,3,10,6,0,6,3,28,False
granite_rslora,la08,15x5,863,8992,941.9467,1,54,12,6,32,1,106,False
granite_rslora,la09,15x5,951,2354,147.5289,5,30,2,1,6,0,44,False
granite_rslora,la10,15x5,958,1754,83.0898,5,9,8,1,3,0,26,False
granite_rslora,la16,10x10,945,6822,621.9048,0,104,39,26,31,6,206,False
granite_rslora,la17,10x10,784,10120,1190.8163,0,214,46,109,111,13,493,False
granite_rslora,la18,10x10,848,5087,499.8821,0,134,47,62,22,11,276,False
granite_rslora,la19,10x10,842,1369,62.5891,16,0,24,1,2,2,45,False
granite_rslora,la20,10x10,902,7732,757.2062,0,81,48,24,28,13,194,False
qwen2_lora,ft06,6x6,55,119,116.3636,2,12,14,2,7,6,43,False
qwen2_lora,ft10,10x10,930,1847,98.6022,0,64,66,29,27,18,204,False
qwen2_lora,ft20,20x5,1165,3083,164.6352,14,32,30,6,30,3,115,False
qwen2_lora,la01,10x5,666,720,8.1081,6,2,26,9,12,7,62,False
qwen2_lora,la02,10x5,655,1134,73.1298,4,1,12,1,10,0,28,False
qwen2_lora,la03,10x5,597,1091,82.7471,3,1,14,2,8,0,28,False
qwen2_lora,la04,10x5,590,1059,79.4915,4,3,27,4,8,5,51,False
qwen2_lora,la05,10x5,593,798,34.5700,6,5,13,4,15,1,44,False
qwen2_lora,la06,15x5,926,1631,76.1339,1,25,24,11,26,3,90,False
qwen2_lora,la07,15x5,890,1616,81.5730,3,13,26,7,19,1,69,False
qwen2_lora,la08,15x5,863,3360,289.3395,0,66,37,48,37,4,192,False
qwen2_lora,la09,15x5,951,1842,93.6909,0,56,27,41,35,8,167,False
qwen2_lora,la10,15x5,958,1489,55.4280,7,32,20,17,22,4,102,False
qwen2_lora,la16,10x10,945,3896,312.2751,0,165,85,99,70,24,443,False
qwen2_lora,la17,10x10,784,2687,242.7296,0,231,65,94,75,29,494,False
qwen2_lora,la18,10x10,848,5938,600.2358,0,278,62,79,107,16,542,False
qwen2_lora,la19,10x10,842,7365,774.7031,0,253,60,105,95,19,532,False
qwen2_lora,la20,10x10,902,8036,790.9091,0,273,83,97,111,11,575,False
qwen2_rslora,ft06,6x6,55,68,23.6364,0,0,0,0,0,0,0,True
qwen2_rslora,ft10,10x10,930,5121,450.6452,0,169,39,57,38,12,315,False
qwen2_rslora,ft20,20x5,1165,905,-22.3176,52,1,15,0,4,3,75,False
qwen2_rslora,la01,10x5,666,1001,50.3003,5,0,4,3,4,1,17,False
qwen2_rslora,la02,10x5,655,719,9.7710,4,0,1,0,2,0,7,False
qwen2_rslora,la03,10x5,597,886,48.4087,1,11,2,1,6,1,22,False
qwen2_rslora,la04,10x5,590,651,10.3390,0,0,2,1,4,1,8,False
qwen2_rslora,la05,10x5,593,601,1.3491,0,1,4,2,5,3,15,False
qwen2_rslora,la06,15x5,926,632,-31.7495,34,1,7,0,2,5,49,False
qwen2_rslora,la07,15x5,890,575,-35.3933,30,1,5,4,2,3,45,False
qwen2_rslora,la08,15x5,863,605,-29.8957,31,0,12,3,5,1,52,False
qwen2_rslora,la09,15x5,951,885,-6.9401,28,0,5,2,6,0,41,False
qwen2_rslora,la10,15x5,958,868,-9.3946,26,1,10,2,5,3,47,False
qwen2_rslora,la16,10x10,945,56009,5826.8783,0,166,43,64,50,19,342,False
qwen2_rslora,la17,10x10,784,5621,616.9643,0,158,35,75,65,17,350,False
qwen2_rslora,la18,10x10,848,5329,528.4198,0,180,41,76,43,19,359,False
qwen2_rslora,la19,10x10,842,4190,397.6247,0,42,22,7,20,3,94,False
qwen2_rslora,la20,10x10,902,5360,494.2350,0,122,40,32,31,14,239,False
llama_lora,ft06,6x6,55,59,7.2727,0,0,0,0,0,0,0,True
llama_lora,ft10,10x10,930,1134,21.9355,0,0,1,0,0,0,1,False
llama_lora,ft20,20x5,1165,1765,51.5021,8,26,0,0,0,0,34,False
llama_lora,la01,10x5,666,693,4.0541,0,0,0,0,0,0,0,True
llama_lora,la02,10x5,655,763,16.4885,0,0,0,0,0,0,0,True
llama_lora,la03,10x5,597,652,9.2127,0,0,0,0,0,0,0,True
llama_lora,la04,10x5,590,662,12.2034,0,0,0,0,0,0,0,True
llama_lora,la05,10x5,593,593,0.0000,0,0,0,0,0,0,0,True
llama_lora,la06,15x5,926,880,-4.9676,4,0,0,0,0,0,4,False
llama_lora,la07,15x5,890,975,9.5506,0,2,0,0,0,0,2,False
llama_lora,la08,15x5,863,831,-3.7080,5,0,0,0,0,0,5,False
llama_lora,la09,15x5,951,951,0.0000,0,0,0,0,0,0,0,True
llama_lora,la10,15x5,958,871,-9.0814,5,0,0,0,0,0,5,False
llama_lora,la16,10x10,945,1145,21.1640,0,4,0,0,0,0,4,False
llama_lora,la17,10x10,784,960,22.4490,1,6,3,0,0,0,10,False
llama_lora,la18,10x10,848,897,5.7783,2,0,0,0,0,0,2,False
llama_lora,la19,10x10,842,935,11.0451,0,0,0,0,0,0,0,True
llama_lora,la20,10x10,902,4271,373.5033,0,414,1,155,21,0,591,False
rslora_v4_ck50,ft06,6x6,55,58,5.4545,0,0,0,0,0,0,0,True
rslora_v4_ck50,ft10,10x10,930,4567,391.0753,0,194,2,43,11,0,250,False
rslora_v4_ck50,ft20,20x5,1165,798,-31.5021,50,0,0,0,0,0,50,False
rslora_v4_ck50,la01,10x5,666,773,16.0661,0,0,0,0,0,0,0,True
rslora_v4_ck50,la02,10x5,655,741,13.1298,0,0,0,0,0,0,0,True
rslora_v4_ck50,la03,10x5,597,650,8.8777,0,0,0,0,0,0,0,True
rslora_v4_ck50,la04,10x5,590,644,9.1525,0,0,0,0,0,0,0,True
rslora_v4_ck50,la05,10x5,593,593,0.0000,0,0,0,0,0,0,0,True
rslora_v4_ck50,la06,15x5,926,737,-20.4104,25,0,0,0,0,0,25,False
rslora_v4_ck50,la07,15x5,890,628,-29.4382,25,0,0,0,0,0,25,False
rslora_v4_ck50,la08,15x5,863,647,-25.0290,25,0,0,0,0,0,25,False
rslora_v4_ck50,la09,15x5,951,703,-26.0778,25,0,0,0,0,1,26,False
rslora_v4_ck50,la10,15x5,958,707,-26.2004,25,0,0,0,0,0,25,False
rslora_v4_ck50,la16,10x10,945,4485,374.6032,0,192,0,27,14,0,233,False
rslora_v4_ck50,la17,10x10,784,4892,523.9796,0,196,1,3,11,0,211,False
rslora_v4_ck50,la18,10x10,848,3678,333.7264,0,198,0,12,8,0,218,False
rslora_v4_ck50,la19,10x10,842,4186,397.1496,0,194,0,23,12,0,229,False
rslora_v4_ck50,la20,10x10,902,5155,471.5078,0,198,0,27,9,1,235,False
rslora_v4_ck100,ft06,6x6,55,61,10.9091,0,0,0,0,0,0,0,True
rslora_v4_ck100,ft10,10x10,930,4212,352.9032,0,189,0,13,17,0,219,False
rslora_v4_ck100,ft20,20x5,1165,747,-35.8798,50,0,2,0,0,0,52,False
rslora_v4_ck100,la01,10x5,666,700,5.1051,0,0,0,0,0,0,0,True
rslora_v4_ck100,la02,10x5,655,741,13.1298,0,0,0,0,0,0,0,True
rslora_v4_ck100,la03,10x5,597,650,8.8777,0,0,0,0,0,0,0,True
rslora_v4_ck100,la04,10x5,590,644,9.1525,0,0,0,0,0,0,0,True
rslora_v4_ck100,la05,10x5,593,593,0.0000,0,0,0,0,0,0,0,True
rslora_v4_ck100,la06,15x5,926,737,-20.4104,25,0,0,0,0,0,25,False
rslora_v4_ck100,la07,15x5,890,628,-29.4382,25,0,0,0,0,0,25,False
rslora_v4_ck100,la08,15x5,863,654,-24.2178,25,0,0,0,0,0,25,False
rslora_v4_ck100,la09,15x5,951,668,-29.7581,25,0,0,0,0,0,25,False
rslora_v4_ck100,la10,15x5,958,707,-26.2004,25,0,0,0,0,0,25,False
rslora_v4_ck100,la16,10x10,945,4465,372.4868,0,190,0,17,16,0,223,False
rslora_v4_ck100,la17,10x10,784,4411,462.6276,0,192,0,3,15,0,210,False
rslora_v4_ck100,la18,10x10,848,5874,592.6887,0,196,0,9,11,0,216,False
rslora_v4_ck100,la19,10x10,842,1029,22.2090,0,3,0,0,0,0,3,False
rslora_v4_ck100,la20,10x10,902,4470,395.5654,0,199,0,5,9,0,213,False
rslora_v4_ck150,ft06,6x6,55,61,10.9091,0,0,0,0,0,0,0,True
rslora_v4_ck150,ft10,10x10,930,4472,380.8602,0,196,5,27,9,0,237,False
rslora_v4_ck150,ft20,20x5,1165,871,-25.2361,50,0,2,0,0,0,52,False
rslora_v4_ck150,la01,10x5,666,693,4.0541,0,0,0,0,0,0,0,True
rslora_v4_ck150,la02,10x5,655,760,16.0305,0,0,0,0,0,0,0,True
rslora_v4_ck150,la03,10x5,597,738,23.6181,0,0,0,0,0,0,0,True
rslora_v4_ck150,la04,10x5,590,691,17.1186,0,0,0,0,0,0,0,True
rslora_v4_ck150,la05,10x5,593,593,0.0000,0,0,0,0,0,0,0,True
rslora_v4_ck150,la06,15x5,926,737,-20.4104,25,1,0,0,0,0,26,False
rslora_v4_ck150,la07,15x5,890,628,-29.4382,25,0,0,0,0,0,25,False
rslora_v4_ck150,la08,15x5,863,627,-27.3465,26,0,2,0,0,1,29,False
rslora_v4_ck150,la09,15x5,951,687,-27.7603,25,0,0,0,0,0,25,False
rslora_v4_ck150,la10,15x5,958,707,-26.2004,25,0,0,0,0,0,25,False
rslora_v4_ck150,la16,10x10,945,4168,341.0582,0,195,0,22,11,0,228,False
rslora_v4_ck150,la17,10x10,784,1132,44.3878,1,0,4,0,1,0,6,False
rslora_v4_ck150,la18,10x10,848,4191,394.2217,0,190,0,12,16,1,219,False
rslora_v4_ck150,la19,10x10,842,1267,50.4751,0,19,0,0,0,0,19,False
rslora_v4_ck150,la20,10x10,902,1159,28.4922,0,8,0,0,0,0,8,False
rslora_v4_ck200,ft06,6x6,55,61,10.9091,0,0,0,0,0,0,0,True
rslora_v4_ck200,ft10,10x10,930,1317,41.6129,0,7,0,0,0,0,7,False
rslora_v4_ck200,ft20,20x5,1165,871,-25.2361,50,0,2,0,0,0,52,False
rslora_v4_ck200,la01,10x5,666,693,4.0541,0,0,0,0,0,0,0,True
rslora_v4_ck200,la02,10x5,655,695,6.1069,0,0,0,0,0,0,0,True
rslora_v4_ck200,la03,10x5,597,650,8.8777,0,0,0,0,0,0,0,True
rslora_v4_ck200,la04,10x5,590,691,17.1186,0,0,0,0,0,0,0,True
rslora_v4_ck200,la05,10x5,593,593,0.0000,0,0,0,0,0,0,0,True
rslora_v4_ck200,la06,15x5,926,737,-20.4104,25,0,0,0,0,0,25,False
rslora_v4_ck200,la07,15x5,890,615,-30.8989,25,0,0,0,0,0,25,False
rslora_v4_ck200,la08,15x5,863,681,-21.0892,25,0,0,0,0,0,25,False
rslora_v4_ck200,la09,15x5,951,687,-27.7603,25,0,0,0,0,0,25,False
rslora_v4_ck200,la10,15x5,958,707,-26.2004,25,0,0,0,0,0,25,False
rslora_v4_ck200,la16,10x10,945,1193,26.2434,0,6,0,0,0,0,6,False
rslora_v4_ck200,la17,10x10,784,985,25.6378,0,4,4,0,0,0,8,False
rslora_v4_ck200,la18,10x10,848,972,14.6226,0,1,1,0,0,0,2,False
rslora_v4_ck200,la19,10x10,842,995,18.1710,0,0,0,0,0,0,0,True
rslora_v4_ck200,la20,10x10,902,1088,20.6208,0,2,0,0,0,1,3,False
rslora_v4_ck250,ft06,6x6,55,61,10.9091,0,0,0,0,0,0,0,True
rslora_v4_ck250,ft10,10x10,930,4460,379.5699,0,192,0,21,13,0,226,False
rslora_v4_ck250,ft20,20x5,1165,900,-22.7468,50,0,1,0,0,0,51,False
rslora_v4_ck250,la01,10x5,666,693,4.0541,0,0,0,0,0,0,0,True
rslora_v4_ck250,la02,10x5,655,695,6.1069,0,0,0,0,0,0,0,True
rslora_v4_ck250,la03,10x5,597,650,8.8777,0,0,0,0,0,0,0,True
rslora_v4_ck250,la04,10x5,590,691,17.1186,0,0,0,0,0,0,0,True
rslora_v4_ck250,la05,10x5,593,593,0.0000,0,0,0,0,0,0,0,True
rslora_v4_ck250,la06,15x5,926,737,-20.4104,25,0,0,0,0,0,25,False
rslora_v4_ck250,la07,15x5,890,615,-30.8989,25,0,0,0,0,0,25,False
rslora_v4_ck250,la08,15x5,863,659,-23.6385,25,1,0,0,0,0,26,False
rslora_v4_ck250,la09,15x5,951,736,-22.6078,25,0,0,0,0,0,25,False
rslora_v4_ck250,la10,15x5,958,761,-20.5637,25,0,0,0,0,0,25,False
rslora_v4_ck250,la16,10x10,945,1105,16.9312,0,0,0,0,0,0,0,True
rslora_v4_ck250,la17,10x10,784,866,10.4592,0,1,0,0,0,1,2,False
rslora_v4_ck250,la18,10x10,848,4528,433.9623,0,199,0,1,8,0,208,False
rslora_v4_ck250,la19,10x10,842,1051,24.8219,0,0,0,0,0,0,0,True
rslora_v4_ck250,la20,10x10,902,5252,482.2616,0,197,0,20,10,1,228,False
rslora_v4_ck300,ft06,6x6,55,58,5.4545,0,0,0,0,0,0,0,True
rslora_v4_ck300,ft10,10x10,930,1180,26.8817,0,2,0,0,0,0,2,False
rslora_v4_ck300,ft20,20x5,1165,833,-28.4979,52,0,3,0,0,0,55,False
rslora_v4_ck300,la01,10x5,666,693,4.0541,0,0,0,0,0,0,0,True
rslora_v4_ck300,la02,10x5,655,752,14.8092,0,0,0,0,0,0,0,True
rslora_v4_ck300,la03,10x5,597,650,8.8777,0,0,0,0,0,0,0,True
rslora_v4_ck300,la04,10x5,590,708,20.0000,0,0,0,0,0,0,0,True
rslora_v4_ck300,la05,10x5,593,593,0.0000,0,0,0,0,0,0,0,True
rslora_v4_ck300,la06,15x5,926,725,-21.7063,25,0,0,0,0,0,25,False
rslora_v4_ck300,la07,15x5,890,615,-30.8989,25,0,0,0,0,0,25,False
rslora_v4_ck300,la08,15x5,863,659,-23.6385,25,0,0,0,0,0,25,False
rslora_v4_ck300,la09,15x5,951,687,-27.7603,25,0,0,0,0,0,25,False
rslora_v4_ck300,la10,15x5,958,761,-20.5637,25,0,0,0,0,0,25,False
rslora_v4_ck300,la16,10x10,945,3647,285.9259,0,206,0,4,0,0,210,False
rslora_v4_ck300,la17,10x10,784,898,14.5408,0,0,0,0,0,0,0,True
rslora_v4_ck300,la18,10x10,848,936,10.3774,0,3,1,0,0,0,4,False
rslora_v4_ck300,la19,10x10,842,1121,33.1354,0,8,1,0,0,1,10,False
rslora_v4_ck300,la20,10x10,902,956,5.9867,0,0,0,0,0,0,0,True
rslora_v4_ck350,ft06,6x6,55,58,5.4545,0,0,0,0,0,0,0,True
rslora_v4_ck350,ft10,10x10,930,4229,354.7312,0,196,0,15,9,0,220,False
rslora_v4_ck350,ft20,20x5,1165,792,-32.0172,52,0,3,0,0,0,55,False
rslora_v4_ck350,la01,10x5,666,693,4.0541,0,0,0,0,0,0,0,True
rslora_v4_ck350,la02,10x5,655,730,11.4504,0,0,0,0,0,0,0,True
rslora_v4_ck350,la03,10x5,597,650,8.8777,0,0,0,0,0,0,0,True
rslora_v4_ck350,la04,10x5,590,644,9.1525,0,0,0,0,0,0,0,True
rslora_v4_ck350,la05,10x5,593,593,0.0000,0,0,0,0,0,0,0,True
rslora_v4_ck350,la06,15x5,926,726,-21.5983,25,0,0,0,0,0,25,False
rslora_v4_ck350,la07,15x5,890,642,-27.8652,25,0,0,0,0,0,25,False
rslora_v4_ck350,la08,15x5,863,659,-23.6385,25,0,0,0,0,0,25,False
rslora_v4_ck350,la09,15x5,951,688,-27.6551,25,0,0,0,0,0,25,False
rslora_v4_ck350,la10,15x5,958,761,-20.5637,25,0,0,0,0,0,25,False
rslora_v4_ck350,la16,10x10,945,4358,361.1640,0,196,1,0,10,0,207,False
rslora_v4_ck350,la17,10x10,784,848,8.1633,1,0,0,0,0,0,1,False
rslora_v4_ck350,la18,10x10,848,4040,376.4151,0,204,0,4,3,0,211,False
rslora_v4_ck350,la19,10x10,842,1015,20.5463,0,2,0,0,0,0,2,False
rslora_v4_ck350,la20,10x10,902,1266,40.3548,0,4,0,0,0,0,4,False
rslora_v4_ck400,ft06,6x6,55,61,10.9091,0,0,0,0,0,0,0,True
rslora_v4_ck400,ft10,10x10,930,4263,358.3871,0,195,3,4,11,0,213,False
rslora_v4_ck400,ft20,20x5,1165,821,-29.5279,52,0,3,0,0,0,55,False
rslora_v4_ck400,la01,10x5,666,740,11.1111,0,0,0,0,0,0,0,True
rslora_v4_ck400,la02,10x5,655,752,14.8092,0,0,0,0,0,0,0,True
rslora_v4_ck400,la03,10x5,597,668,11.8928,0,0,0,0,0,0,0,True
rslora_v4_ck400,la04,10x5,590,644,9.1525,0,0,0,0,0,0,0,True
rslora_v4_ck400,la05,10x5,593,593,0.0000,0,0,0,0,0,0,0,True
rslora_v4_ck400,la06,15x5,926,737,-20.4104,25,0,0,0,0,0,25,False
rslora_v4_ck400,la07,15x5,890,615,-30.8989,25,0,0,0,0,0,25,False
rslora_v4_ck400,la08,15x5,863,688,-20.2781,25,0,0,0,0,0,25,False
rslora_v4_ck400,la09,15x5,951,688,-27.6551,25,0,0,0,0,0,25,False
rslora_v4_ck400,la10,15x5,958,761,-20.5637,25,0,0,0,0,0,25,False
rslora_v4_ck400,la16,10x10,945,4346,359.8942,0,198,1,14,8,0,221,False
rslora_v4_ck400,la17,10x10,784,4859,519.7704,0,202,1,1,5,0,209,False
rslora_v4_ck400,la18,10x10,848,4189,393.9858,0,199,0,1,9,0,209,False
rslora_v4_ck400,la19,10x10,842,4161,394.1805,0,203,0,2,4,0,209,False
rslora_v4_ck400,la20,10x10,902,4218,367.6275,0,200,0,20,6,0,226,False
rslora_v4_ck450,ft06,6x6,55,61,10.9091,0,0,0,0,0,0,0,True
rslora_v4_ck450,ft10,10x10,930,4241,356.0215,0,190,0,21,14,0,225,False
rslora_v4_ck450,ft20,20x5,1165,950,-18.4549,50,0,1,0,0,0,51,False
rslora_v4_ck450,la01,10x5,666,732,9.9099,0,0,0,0,0,0,0,True
rslora_v4_ck450,la02,10x5,655,752,14.8092,0,0,0,0,0,0,0,True
rslora_v4_ck450,la03,10x5,597,650,8.8777,0,0,0,0,0,0,0,True
rslora_v4_ck450,la04,10x5,590,644,9.1525,0,0,0,0,0,0,0,True
rslora_v4_ck450,la05,10x5,593,593,0.0000,0,0,0,0,0,0,0,True
rslora_v4_ck450,la06,15x5,926,737,-20.4104,25,0,0,0,0,0,25,False
rslora_v4_ck450,la07,15x5,890,615,-30.8989,25,0,0,0,0,0,25,False
rslora_v4_ck450,la08,15x5,863,704,-18.4241,25,0,0,0,0,0,25,False
rslora_v4_ck450,la09,15x5,951,687,-27.7603,25,0,0,0,0,0,25,False
rslora_v4_ck450,la10,15x5,958,761,-20.5637,25,0,0,0,0,0,25,False
rslora_v4_ck450,la16,10x10,945,4999,428.9947,0,192,1,3,15,0,211,False
rslora_v4_ck450,la17,10x10,784,831,5.9949,0,0,0,0,0,0,0,True
rslora_v4_ck450,la18,10x10,848,4217,397.2877,0,193,0,0,13,0,206,False
rslora_v4_ck450,la19,10x10,842,4248,404.5131,0,201,0,24,6,0,231,False
rslora_v4_ck450,la20,10x10,902,989,9.6452,0,0,0,0,0,0,0,True
